{
  "experiment": "exp2_seed_repro",
  "description": "Seed reproducibility test for CorrDiff generation",
  "units": "m/s",
  "runs": {
    "seed0_runA": {
      "10u": {
        "mae": 2.1407759189605713,
        "rmse": 2.681476593017578
      },
      "10v": {
        "mae": 3.690633773803711,
        "rmse": 4.545776844024658
      }
    },
    "seed0_runB": {
      "10u": {
        "mae": 2.1407759189605713,
        "rmse": 2.681476593017578
      },
      "10v": {
        "mae": 3.690633773803711,
        "rmse": 4.545776844024658
      }
    },
    "seed1_runC": {
      "10u": {
        "mae": 2.1407759189605713,
        "rmse": 2.681476593017578
      },
      "10v": {
        "mae": 3.690633773803711,
        "rmse": 4.545776844024658
      }
    }
  }
}