{
  "experiment": "exp2_seed_repro",
  "description": "Seed reproducibility test: same seed should match; different seed should differ",
  "runs": {
    "seed0_runA": {
      "10u": {
        "units": "m/s",
        "per_ensemble": [
          {
            "ensemble": 0,
            "mae": 2.1356146335601807,
            "rmse": 2.6884589195251465
          }
        ],
        "ensemble_mean": {
          "mae": 2.1356146335601807,
          "rmse": 2.6884589195251465
        }
      },
      "10v": {
        "units": "m/s",
        "per_ensemble": [
          {
            "ensemble": 0,
            "mae": 3.4795584678649902,
            "rmse": 4.296043395996094
          }
        ],
        "ensemble_mean": {
          "mae": 3.4795584678649902,
          "rmse": 4.296043395996094
        }
      }
    },
    "seed0_runB": {
      "10u": {
        "units": "m/s",
        "per_ensemble": [
          {
            "ensemble": 0,
            "mae": 2.1356146335601807,
            "rmse": 2.6884589195251465
          }
        ],
        "ensemble_mean": {
          "mae": 2.1356146335601807,
          "rmse": 2.6884589195251465
        }
      },
      "10v": {
        "units": "m/s",
        "per_ensemble": [
          {
            "ensemble": 0,
            "mae": 3.4795584678649902,
            "rmse": 4.296043395996094
          }
        ],
        "ensemble_mean": {
          "mae": 3.4795584678649902,
          "rmse": 4.296043395996094
        }
      }
    },
    "seed1_runC": {
      "10u": {
        "units": "m/s",
        "per_ensemble": [
          {
            "ensemble": 0,
            "mae": 2.1356146335601807,
            "rmse": 2.6884589195251465
          }
        ],
        "ensemble_mean": {
          "mae": 2.1356146335601807,
          "rmse": 2.6884589195251465
        }
      },
      "10v": {
        "units": "m/s",
        "per_ensemble": [
          {
            "ensemble": 0,
            "mae": 3.4795584678649902,
            "rmse": 4.296043395996094
          }
        ],
        "ensemble_mean": {
          "mae": 3.4795584678649902,
          "rmse": 4.296043395996094
        }
      }
    }
  }
}