{
  "experiment": "exp3_lr",
  "description": "Learning-rate sweep on regression training; generated outputs evaluated against truth.",
  "units": "m/s",
  "runs": {
    "lr_1e-4": {
      "10u": {
        "mae": 2.3998425006866455,
        "rmse": 2.9995968341827393
      },
      "10v": {
        "mae": 3.7816648483276367,
        "rmse": 4.644076347351074
      }
    },
    "lr_2e-4": {
      "10u": {
        "mae": 2.598940372467041,
        "rmse": 3.2351131439208984
      },
      "10v": {
        "mae": 3.7851271629333496,
        "rmse": 4.646420955657959
      }
    },
    "lr_1e-3": {
      "10u": {
        "mae": 2.245778799057007,
        "rmse": 2.8118438720703125
      },
      "10v": {
        "mae": 3.757930278778076,
        "rmse": 4.619781494140625
      }
    }
  }
}