{
  "experiment": "exp3_lr",
  "description": "Regression LR sweep (fixed diffusion + fixed generation config)",
  "runs": {
    "lr_1e-4": {
      "10u": {
        "units": "m/s",
        "per_ensemble": [
          {
            "ensemble": 0,
            "mae": 2.1803412437438965,
            "rmse": 2.7306571006774902
          }
        ],
        "ensemble_mean": {
          "mae": 2.1803412437438965,
          "rmse": 2.7306571006774902
        }
      },
      "10v": {
        "units": "m/s",
        "per_ensemble": [
          {
            "ensemble": 0,
            "mae": 3.6905980110168457,
            "rmse": 4.511659145355225
          }
        ],
        "ensemble_mean": {
          "mae": 3.6905980110168457,
          "rmse": 4.511659145355225
        }
      }
    },
    "lr_2e-4": {
      "10u": {
        "units": "m/s",
        "per_ensemble": [
          {
            "ensemble": 0,
            "mae": 2.1556437015533447,
            "rmse": 2.7166504859924316
          }
        ],
        "ensemble_mean": {
          "mae": 2.1556437015533447,
          "rmse": 2.7166504859924316
        }
      },
      "10v": {
        "units": "m/s",
        "per_ensemble": [
          {
            "ensemble": 0,
            "mae": 3.4250264167785645,
            "rmse": 4.247180461883545
          }
        ],
        "ensemble_mean": {
          "mae": 3.4250264167785645,
          "rmse": 4.247180461883545
        }
      }
    },
    "lr_1e-3": {
      "10u": {
        "units": "m/s",
        "per_ensemble": [
          {
            "ensemble": 0,
            "mae": 2.1339337825775146,
            "rmse": 2.6899406909942627
          }
        ],
        "ensemble_mean": {
          "mae": 2.1339337825775146,
          "rmse": 2.6899406909942627
        }
      },
      "10v": {
        "units": "m/s",
        "per_ensemble": [
          {
            "ensemble": 0,
            "mae": 3.129183769226074,
            "rmse": 3.8732681274414062
          }
        ],
        "ensemble_mean": {
          "mae": 3.129183769226074,
          "rmse": 3.8732681274414062
        }
      }
    }
  }
}