{
  "experiment": "exp06_best_cpu",
  "description": "Best feasible CPU-only CorrDiff run",
  "units": "m/s",
  "metrics": {
    "file": "experiments/exp6_best_cpu/results/corrdiff_output_best_cpu.nc",
    "has_ensemble": true,
    "variables": {
      "10u": {
        "per_ensemble": {
          "0": {
            "mae": 2.3194167613983154,
            "rmse": 2.7601330280303955
          },
          "1": {
            "mae": 2.2811033725738525,
            "rmse": 2.784965753555298
          },
          "2": {
            "mae": 2.2702624797821045,
            "rmse": 2.7200939655303955
          },
          "3": {
            "mae": 2.219637632369995,
            "rmse": 2.719050884246826
          }
        },
        "ensemble_mean": {
          "mae": 2.0519402027130127,
          "rmse": 2.3592824935913086
        }
      },
      "10v": {
        "per_ensemble": {
          "0": {
            "mae": 2.671201705932617,
            "rmse": 3.286155939102173
          },
          "1": {
            "mae": 2.6093451976776123,
            "rmse": 3.1999073028564453
          },
          "2": {
            "mae": 2.7230234146118164,
            "rmse": 3.3386707305908203
          },
          "3": {
            "mae": 2.439988136291504,
            "rmse": 2.9971067905426025
          }
        },
        "ensemble_mean": {
          "mae": 2.3468282222747803,
          "rmse": 2.80975604057312
        }
      }
    }
  }
}