{
  "experiment": "exp04_diffusion_budget",
  "description": "Diffusion training budget sweep (512 vs 2048 samples) with fixed regression checkpoint and fixed generation config",
  "units": "m/s",
  "runs": {
    "samples_512": {
      "10u": {
        "mae": 2.8696742057800293,
        "rmse": 3.5510659217834473
      },
      "10v": {
        "mae": 3.7347753047943115,
        "rmse": 4.591217041015625
      }
    },
    "samples_2048": {
      "10u": {
        "mae": 1.8652355670928955,
        "rmse": 2.2947652339935303
      },
      "10v": {
        "mae": 2.6404385566711426,
        "rmse": 3.2470040321350098
      }
    }
  }
}